Epoch,Loss,Accuracy,Auc,Auc_roc,Auc_pr,Precision,Recall,F1_score,Hamming_loss,Map,V_loss,V_acc,V_auc,Val_auc_roc,Val_auc_pr,Val_precision,Val_recall,Val_f1_score,Val_hamming_loss,Val_map,LR,Next LR,Monitor,% Improv,Duration
1,0.0966387465596199,0.4712076783180237,0.9077025651931763,0.9077025651931763,0.5413975715637207,0.7395778298377991,0.26125454902648926,0.3369736075401306,0.03773370012640953,0.6476673483848572,0.1370522528886795,0.5299785733222961,0.9353079199790955,0.9353079199790955,0.6528416872024536,0.8067940473556519,0.3125,0.38573020696640015,0.03544662520289421,0.7132765650749207,9.999999747378752e-06,9.999999747378752e-06,val_accuracy,0.0,243.53221893310547
2,0.08860228955745697,0.5195947885513306,0.9215748906135559,0.9215748906135559,0.6107512712478638,0.7611097693443298,0.3258698582649231,0.4036889672279358,0.0351620689034462,0.6876600980758667,0.13224399089813232,0.58137047290802,0.9361587166786194,0.9361587166786194,0.7007595896720886,0.8461538553237915,0.34375,0.4194183647632599,0.033420003950595856,0.747374951839447,9.999999747378752e-06,9.999999747378752e-06,val_accuracy,9.696976853905921,173.992614030838
3,0.08404505997896194,0.5526525974273682,0.9291583299636841,0.9291583299636841,0.6419339776039124,0.7717127203941345,0.3670766353607178,0.44782716035842896,0.03358151391148567,0.7185903787612915,0.1263069361448288,0.5910063982009888,0.9443799257278442,0.9443799257278442,0.7314944863319397,0.8653846383094788,0.3700657784938812,0.4491298794746399,0.03196696192026138,0.7628260850906372,9.999999747378752e-06,9.999999747378752e-06,val_accuracy,1.6574500670406893,173.20481324195862
4,0.07896820455789566,0.5778459310531616,0.9353561997413635,0.9353561997413635,0.6823839545249939,0.7971866726875305,0.39913803339004517,0.48436665534973145,0.03181055560708046,0.7384577393531799,0.11975744366645813,0.6263383030891418,0.9458342790603638,0.9458342790603638,0.7560186386108398,0.8676716685295105,0.4259868562221527,0.5096956491470337,0.0297109205275774,0.7883830070495605,9.999999747378752e-06,9.999999747378752e-06,val_accuracy,5.978260979187817,172.6699457168579
5,0.07487482577562332,0.6117035746574402,0.9420669674873352,0.9420669674873352,0.7127295732498169,0.8088321685791016,0.43319666385650635,0.5183663368225098,0.03030620887875557,0.764338493347168,0.11709298938512802,0.6274089813232422,0.952642023563385,0.952642023563385,0.773848831653595,0.8576104640960693,0.4309210479259491,0.5133082866668701,0.029787398874759674,0.791522204875946,9.999999747378752e-06,9.999999747378752e-06,val_accuracy,0.17094248089565753,172.68818020820618
6,0.07129161804914474,0.6320980787277222,0.9473615288734436,0.9473615288734436,0.7389407753944397,0.816669762134552,0.46452224254608154,0.5518838763237,0.028973227366805077,0.7817157506942749,0.11021997034549713,0.6680942177772522,0.9538642168045044,0.9538642168045044,0.8049659132957458,0.8893939256668091,0.48273026943206787,0.5730449557304382,0.026843076571822166,0.8177364468574524,9.999999747378752e-06,9.999999747378752e-06,val_f1_score,11.637581277221106,171.5530412197113
7,0.06794040650129318,0.6442282199859619,0.95274817943573,0.95274817943573,0.7605655789375305,0.8287814855575562,0.4976348280906677,0.5829584002494812,0.027406973764300346,0.7960167527198792,0.10453953593969345,0.7044968008995056,0.9603057503700256,0.9603057503700256,0.8199863433837891,0.8805121183395386,0.5090460777282715,0.6028819680213928,0.026040075346827507,0.8423102498054504,9.999999747378752e-06,9.999999747378752e-06,val_f1_score,5.2067489631633705,173.62089776992798
8,0.0640362948179245,0.6736870408058167,0.9588637948036194,0.9588637948036194,0.7851132154464722,0.8314833641052246,0.5197098851203918,0.6037842631340027,0.02652149833738804,0.8168712258338928,0.09954970329999924,0.7023554444313049,0.9627498984336853,0.9627498984336853,0.838750958442688,0.8878865838050842,0.5666118264198303,0.6557925939559937,0.023478128015995026,0.8542554974555969,9.999999747378752e-06,9.999999747378752e-06,val_f1_score,8.7762827122279,173.60915279388428
9,0.0615747906267643,0.6876832842826843,0.9609259366989136,0.9609259366989136,0.8013807535171509,0.8392799496650696,0.5489330291748047,0.6303883790969849,0.025188524276018143,0.8282762765884399,0.09913984686136246,0.6905781626701355,0.960468590259552,0.960468590259552,0.8374470472335815,0.8896189332008362,0.5567434430122375,0.6452388763427734,0.023822270333766937,0.8496859669685364,9.999999747378752e-06,9.999999747378752e-06,val_f1_score,-1.6093072276946776,174.40989232063293
10,0.0587603785097599,0.7079445719718933,0.964608371257782,0.964608371257782,0.8204630613327026,0.8464884757995605,0.5726900100708008,0.6541253924369812,0.024055486544966698,0.8428289294242859,0.09564290940761566,0.7109207510948181,0.9654892086982727,0.9654892086982727,0.8532090187072754,0.8955974578857422,0.5855262875556946,0.6674075126647949,0.02244570292532444,0.8675282001495361,9.999999747378752e-06,9.999999747378752e-06,val_f1_score,1.7711268495326553,178.14541578292847
11,0.05643213540315628,0.7218075394630432,0.9672340750694275,0.9672340750694275,0.8352776765823364,0.8568843603134155,0.5972878932952881,0.6774938106536865,0.022755835205316544,0.8542837500572205,0.08869645744562149,0.7505353093147278,0.9722567796707153,0.9722567796707153,0.8703542351722717,0.9086595773696899,0.6299341917037964,0.7139293551445007,0.020151423290371895,0.8820946216583252,9.999999747378752e-06,9.999999747378752e-06,val_f1_score,6.970530237808603,172.24032592773438
12,0.05378788709640503,0.7379365563392639,0.9713084101676941,0.9713084101676941,0.8536219596862793,0.8707392811775208,0.620309054851532,0.6997486352920532,0.021365733817219734,0.8677543997764587,0.0865783840417862,0.7344753742218018,0.9724963903427124,0.9724963903427124,0.884729266166687,0.9138533473014832,0.6455591917037964,0.7306638956069946,0.019310185685753822,0.8900415301322937,9.999999747378752e-06,9.999999747378752e-06,val_f1_score,2.3440050954490856,171.91040658950806
13,0.0513639859855175,0.7533990740776062,0.9752098321914673,0.9752098321914673,0.8655952215194702,0.874326229095459,0.6479554176330566,0.7255237698554993,0.020161287859082222,0.8815430402755737,0.08348485082387924,0.7526766657829285,0.9752730131149292,0.9752730131149292,0.8917929530143738,0.9078498482704163,0.65625,0.7420731782913208,0.019080758094787598,0.8944504857063293,9.999999747378752e-06,9.999999747378752e-06,val_f1_score,1.5614953404599223,176.6204035282135
14,0.049045588821172714,0.7691282033920288,0.9771749377250671,0.9771749377250671,0.8804325461387634,0.8854064345359802,0.6651949882507324,0.7413574457168579,0.019061582162976265,0.8915622234344482,0.08384619653224945,0.7451820373535156,0.9740986227989197,0.9740986227989197,0.8918638229370117,0.9227220416069031,0.6578947305679321,0.7384904623031616,0.0184689499437809,0.8938071131706238,9.999999747378752e-06,9.999999747378752e-06,val_f1_score,-0.48279820548273317,173.10881400108337
15,0.04717690497636795,0.7721940875053406,0.9791938662528992,0.9791938662528992,0.8933241963386536,0.8903278112411499,0.6937874555587769,0.7662597298622131,0.01773812808096409,0.8985289335250854,0.07802503556013107,0.7644539475440979,0.9748379588127136,0.9748379588127136,0.9012411832809448,0.9207383394241333,0.6973684430122375,0.7734502553939819,0.016862956807017326,0.9062684178352356,9.999999747378752e-06,9.999999747378752e-06,val_f1_score,4.228299582921082,173.18559503555298
16,0.04590804874897003,0.7847240567207336,0.9805806279182434,0.9805806279182434,0.8982833623886108,0.8923797011375427,0.7016714215278625,0.7729264497756958,0.01734299398958683,0.906050980091095,0.07372015714645386,0.7751606106758118,0.980322539806366,0.980322539806366,0.9131655097007751,0.9136841893196106,0.7138158082962036,0.7883020639419556,0.01644233800470829,0.9158250689506531,9.999999747378752e-06,9.999999747378752e-06,val_f1_score,1.920202164831969,171.8511290550232
17,0.044115100055933,0.7981871366500854,0.9825006127357483,0.9825006127357483,0.9078391194343567,0.8990610241889954,0.7246925234794617,0.7934070229530334,0.016152838245034218,0.9168916940689087,0.07190316915512085,0.794432520866394,0.9794376492500305,0.9794376492500305,0.9168376922607422,0.9311440587043762,0.7228618264198303,0.7971413135528564,0.015371673740446568,0.9261748790740967,9.999999747378752e-06,9.999999747378752e-06,val_f1_score,1.1213023554320838,171.49601459503174
18,0.04248092323541641,0.8097840547561646,0.9838613867759705,0.9838613867759705,0.9148630499839783,0.9036082625389099,0.7370966076850891,0.8034404516220093,0.01546730287373066,0.9223819971084595,0.06838291883468628,0.794432520866394,0.9811061024665833,0.9811061024665833,0.9239570498466492,0.9319999814033508,0.7664473652839661,0.8298792243003845,0.013459775596857071,0.9297734498977661,9.999999747378752e-06,9.999999747378752e-06,val_loss,4.895820812626675,173.63942456245422
19,0.04099955037236214,0.8137829899787903,0.98472660779953,0.98472660779953,0.9233586192131042,0.91057950258255,0.748239278793335,0.8136674165725708,0.014729405753314495,0.9290574789047241,0.0660332664847374,0.799785852432251,0.9840120673179626,0.9840120673179626,0.926371157169342,0.9264854192733765,0.7565789222717285,0.8252081871032715,0.014109820127487183,0.9322577714920044,9.999999747378752e-06,9.999999747378752e-06,val_loss,3.4360223137434356,172.1544554233551
20,0.03945170342922211,0.8143161535263062,0.9858546257019043,0.9858546257019043,0.9300084710121155,0.9178870916366577,0.7708399295806885,0.8315588235855103,0.013501162640750408,0.9329853057861328,0.06379362940788269,0.8126338124275208,0.9846060872077942,0.9846060872077942,0.9337278604507446,0.9310689568519592,0.7664473652839661,0.8309417963027954,0.013498011976480484,0.9393563866615295,9.999999747378752e-06,9.999999747378752e-06,val_loss,3.391679975989624,172.5966351032257
21,0.03833210468292236,0.8213809728622437,0.9867958426475525,0.9867958426475525,0.9354027509689331,0.9237763285636902,0.7796699404716492,0.8406060338020325,0.012891801074147224,0.9380894303321838,0.06141703203320503,0.802997887134552,0.9864159822463989,0.9864159822463989,0.938719630241394,0.932539701461792,0.7730262875556946,0.8360583782196045,0.013153869658708572,0.9381508827209473,9.999999747378752e-06,9.999999747378752e-06,val_loss,3.72544625025519,173.42669129371643
22,0.037290021777153015,0.8267129063606262,0.9878698587417603,0.9878698587417603,0.9395664930343628,0.9234084486961365,0.7882897257804871,0.845533549785614,0.01254903431981802,0.9413161277770996,0.06404818594455719,0.794432520866394,0.9850773811340332,0.9850773811340332,0.938649594783783,0.9345238208770752,0.7746710777282715,0.840508759021759,0.013000919483602047,0.9353350400924683,9.999999747378752e-06,9.999999747378752e-06,val_loss,-4.284078576004174,179.40613222122192
23,0.03584776446223259,0.8369768261909485,0.9892339706420898,0.9892339706420898,0.945641815662384,0.9271708726882935,0.8002732992172241,0.8555006980895996,0.011892066337168217,0.9485074877738953,0.05756058916449547,0.8254817724227905,0.9885302782058716,0.9885302782058716,0.9433468580245972,0.945472240447998,0.7985197305679321,0.8601481914520264,0.011509638279676437,0.9524001479148865,9.999999747378752e-06,9.999999747378752e-06,val_loss,6.279109786068112,173.60769414901733
24,0.03489651158452034,0.8328445553779602,0.9900714159011841,0.9900714159011841,0.9499645233154297,0.9302156567573547,0.807106077671051,0.8605886101722717,0.011477888561785221,0.9505206346511841,0.055159855633974075,0.802997887134552,0.9898325204849243,0.9898325204849243,0.9519008994102478,0.9394230842590332,0.8034539222717285,0.8628407716751099,0.01154787465929985,0.9532178044319153,9.999999747378752e-06,9.999999747378752e-06,val_loss,4.170793880619647,172.83071517944336
25,0.033368706703186035,0.8392428755760193,0.9913509488105774,0.9913509488105774,0.9551860690116882,0.9350929856300354,0.8192998766899109,0.8702573776245117,0.010759038850665092,0.9547610282897949,0.0570460669696331,0.8126338124275208,0.9865967631340027,0.9865967631340027,0.94483882188797,0.945841372013092,0.8042762875556946,0.8632241487503052,0.011241969652473927,0.9481086134910583,9.999999747378752e-06,9.999999747378752e-06,val_loss,-3.4195363892454993,174.75689697265625
26,0.032618965953588486,0.8447080850601196,0.9917985796928406,0.9917985796928406,0.9576439261436462,0.9382789731025696,0.8229790925979614,0.8742508292198181,0.010468637570738792,0.9583505988121033,0.05231773108243942,0.8426124453544617,0.9912253022193909,0.9912253022193909,0.9559493064880371,0.9406779408454895,0.8215460777282715,0.8738713264465332,0.010706637986004353,0.9564434289932251,9.999999747378752e-06,9.999999747378752e-06,val_loss,5.152523549724685,174.81293535232544
27,0.031616728752851486,0.845374584197998,0.9928078055381775,0.9928078055381775,0.960490882396698,0.9413226246833801,0.8364343643188477,0.883590579032898,0.009768820367753506,0.9626131057739258,0.04991549625992775,0.8415417671203613,0.9887451529502869,0.9887451529502869,0.9562958478927612,0.9540337920188904,0.8363487124443054,0.8879197835922241,0.00948302261531353,0.9647544622421265,9.999999747378752e-06,9.999999747378752e-06,val_loss,4.591626534274513,172.71807885169983
28,0.030792513862252235,0.8493735194206238,0.9925637245178223,0.9925637245178223,0.962642252445221,0.9465667009353638,0.8491538166999817,0.8934544324874878,0.009002363309264183,0.9630029797554016,0.051000144332647324,0.8254817724227905,0.991367757320404,0.991367757320404,0.9580307006835938,0.9512894153594971,0.8190789222717285,0.875886857509613,0.010362496599555016,0.9583367705345154,9.999999747378752e-06,9.999999747378752e-06,val_loss,-2.1729686249565177,173.48601818084717
29,0.029696866869926453,0.8515062928199768,0.9941679835319519,0.9941679835319519,0.968093752861023,0.9525264501571655,0.8520971536636353,0.8975967168807983,0.008621512912213802,0.9677919745445251,0.04824775084853172,0.8297644257545471,0.9909797310829163,0.9909797310829163,0.9608936309814453,0.953990638256073,0.8355262875556946,0.8877276182174683,0.009521261788904667,0.9645873308181763,9.999999747378752e-06,9.999999747378752e-06,val_loss,3.3411375952499456,178.02600479125977
30,0.029166873544454575,0.8537723422050476,0.993129312992096,0.993129312992096,0.967518150806427,0.9537545442581177,0.8585094213485718,0.9016584157943726,0.008293027058243752,0.9684816598892212,0.04789350926876068,0.819057822227478,0.9918813705444336,0.9918813705444336,0.964905321598053,0.946314811706543,0.8552631735801697,0.8954917788505554,0.008985930122435093,0.9597480297088623,9.999999747378752e-06,9.999999747378752e-06,val_loss,0.7342136649709178,173.35342073440552
31,0.028262168169021606,0.86057049036026,0.994633674621582,0.994633674621582,0.9697286486625671,0.9500288963317871,0.8633449077606201,0.9032766819000244,0.008245419710874557,0.9704227447509766,0.04663611203432083,0.8436830639839172,0.9888865351676941,0.9888865351676941,0.9621171355247498,0.9583718776702881,0.8519737124443054,0.8997424840927124,0.008603549562394619,0.9646364450454712,9.999999747378752e-06,9.999999747378752e-06,val_loss,2.6254021758643766,171.73367881774902
32,0.027604740113019943,0.8609704375267029,0.9947629570960999,0.9947629570960999,0.9722840189933777,0.9551564455032349,0.8664984703063965,0.9071466326713562,0.007888373918831348,0.9721533060073853,0.04604298248887062,0.8340471386909485,0.9929791688919067,0.9929791688919067,0.9663739800453186,0.9504587054252625,0.8519737124443054,0.8969727158546448,0.008947690948843956,0.9657225608825684,9.999999747378752e-06,9.999999747378752e-06,val_loss,1.2718246002447842,173.0011522769928
33,0.026903104037046432,0.8623033761978149,0.9952319264411926,0.9952319264411926,0.9737364649772644,0.959138810634613,0.8710185885429382,0.9116249084472656,0.007521803956478834,0.9748010039329529,0.041929762810468674,0.840471088886261,0.9929686784744263,0.9929686784744263,0.9702960252761841,0.9609445929527283,0.8700658082962036,0.9112178683280945,0.007685836870223284,0.9727283120155334,9.999999747378752e-06,9.999999747378752e-06,val_loss,8.933434491121819,171.97703051567078
34,0.025799650698900223,0.8713676333427429,0.9956781268119812,0.9956781268119812,0.9771453738212585,0.9648073315620422,0.8818458914756775,0.920345664024353,0.006807707250118256,0.9785831570625305,0.04307006299495697,0.8276231288909912,0.9927170872688293,0.9927170872688293,0.9706495404243469,0.9579524397850037,0.8618420958518982,0.9048924446105957,0.008182930760085583,0.9664993286132812,9.999999747378752e-06,9.999999747378752e-06,val_loss,-2.7195483781835175,171.97879719734192
35,0.025390252470970154,0.8681684732437134,0.9958925247192383,0.9958925247192383,0.9783043265342712,0.9613531827926636,0.8812151551246643,0.9185861349105835,0.0069838520139455795,0.9785397052764893,0.04089345782995224,0.861884355545044,0.9926552176475525,0.9926552176475525,0.9702735543251038,0.953529953956604,0.8774670958518982,0.912822961807251,0.007685836870223284,0.9741412997245789,9.999999747378752e-06,9.999999747378752e-06,val_loss,2.471525978338465,171.64498567581177
36,0.02435356006026268,0.8703012466430664,0.9965906143188477,0.9965906143188477,0.9812127351760864,0.964006781578064,0.8953011631965637,0.9276195764541626,0.006255473010241985,0.9812605977058411,0.04007399082183838,0.8426124453544617,0.9929606318473816,0.9929606318473816,0.9722031354904175,0.9675675630569458,0.8832237124443054,0.9221915006637573,0.0068063633516430855,0.9753695130348206,9.999999747378752e-06,9.999999747378752e-06,val_loss,2.003907352421653,173.66768836975098
37,0.024008307605981827,0.868701696395874,0.9970035552978516,0.9970035552978516,0.9817479848861694,0.9655250906944275,0.8949857950210571,0.9281377792358398,0.006203108467161655,0.9811615347862244,0.03911203891038895,0.8511777520179749,0.9943453073501587,0.9943453073501587,0.9761418104171753,0.9543010592460632,0.8758223652839661,0.9115475416183472,0.007724074646830559,0.976787805557251,9.999999747378752e-06,9.999999747378752e-06,val_loss,2.4004395163089556,174.13308906555176
38,0.02322028949856758,0.873500406742096,0.9973095059394836,0.9973095059394836,0.983060359954834,0.9678002595901489,0.9004520177841187,0.9322116374969482,0.005865102633833885,0.9835242629051208,0.040384311228990555,0.824411153793335,0.993597686290741,0.993597686290741,0.9741902351379395,0.9599999785423279,0.8684210777282715,0.9097131490707397,0.007800551597028971,0.9682396054267883,9.999999747378752e-06,9.999999747378752e-06,val_loss,-3.252891830867112,178.8208191394806
39,0.022674698382616043,0.8737670183181763,0.9972929954528809,0.9972929954528809,0.984430730342865,0.9683145880699158,0.9059182405471802,0.9354352355003357,0.00560326874256134,0.9843243360519409,0.037086691707372665,0.8522483706474304,0.9945553541183472,0.9945553541183472,0.9768893122673035,0.9572953581809998,0.8848684430122375,0.9174424409866333,0.007188742980360985,0.977153480052948,9.999999747378752e-06,9.999999747378752e-06,val_loss,5.17832171229076,178.46036672592163
40,0.02203642576932907,0.8804318904876709,0.9973481893539429,0.9973481893539429,0.986052930355072,0.9709348082542419,0.9094922542572021,0.9386837482452393,0.005331913474947214,0.9868966937065125,0.035028912127017975,0.8458244204521179,0.9945300221443176,0.9945300221443176,0.981983482837677,0.967169463634491,0.8963815569877625,0.929469645023346,0.006232793442904949,0.9800124764442444,9.999999747378752e-06,9.999999747378752e-06,val_loss,5.548566037087674,173.21925711631775
41,0.02178967371582985,0.873900294303894,0.9973832368850708,0.9973832368850708,0.9856136441230774,0.9722097516059875,0.9120151400566101,0.9405961036682129,0.005165288224816322,0.9857729077339172,0.03587043657898903,0.8543897271156311,0.993244469165802,0.993244469165802,0.9762841463088989,0.9654867053031921,0.8972039222717285,0.9290920495986938,0.006271030753850937,0.9782092571258545,9.999999747378752e-06,9.999999747378752e-06,val_loss,-2.4023710725574663,173.46765327453613
42,0.021320952102541924,0.8761663436889648,0.9977168440818787,0.9977168440818787,0.9866200685501099,0.9700445532798767,0.9156942963600159,0.9417040348052979,0.005098640453070402,0.9878577589988708,0.03678169846534729,0.8501070737838745,0.9950287938117981,0.9950287938117981,0.9803908467292786,0.9590747356414795,0.8865131735801697,0.9203082323074341,0.0070357914082705975,0.9765806794166565,9.999999747378752e-06,9.999999747378752e-06,val_loss,-5.003827501047006,172.83706641197205
43,0.020516065880656242,0.8770994544029236,0.9978623986244202,0.9978623986244202,0.9881494641304016,0.9746130704879761,0.9201093316078186,0.9462665319442749,0.0047035058960318565,0.9876204133033752,0.03231671825051308,0.8533190488815308,0.9954620003700256,0.9954620003700256,0.9846668839454651,0.9751332402229309,0.9029605388641357,0.9364697933197021,0.005582747980952263,0.9830702543258667,9.999999747378752e-06,9.999999747378752e-06,val_loss,7.74272939642042,172.9553518295288
44,0.020155994221568108,0.8774993419647217,0.9979720711708069,0.9979720711708069,0.988768994808197,0.9742933511734009,0.9203195571899414,0.9462782740592957,0.004708266817033291,0.9879996180534363,0.03409267216920853,0.8458244204521179,0.9937179684638977,0.9937179684638977,0.9797534942626953,0.9617058038711548,0.9087170958518982,0.9335655570030212,0.0059268893674016,0.9800461530685425,9.999999747378752e-06,9.999999747378752e-06,val_loss,-5.495464932201938,172.95008420944214
45,0.019834818318486214,0.8798986673355103,0.9980633854866028,0.9980633854866028,0.9890540242195129,0.9756097793579102,0.9250499606132507,0.9493516683578491,0.004441669676452875,0.9896617531776428,0.03396925702691078,0.8415417671203613,0.9946101307868958,0.9946101307868958,0.9814328551292419,0.9640980958938599,0.9054276347160339,0.9330687522888184,0.005965127609670162,0.9756522178649902,9.999999747378752e-06,9.999999747378752e-06,val_loss,-5.113572373245135,171.4514422416687
46,0.01930401101708412,0.8802986145019531,0.998084545135498,0.998084545135498,0.9899237751960754,0.9779550433158875,0.9279932975769043,0.9520702362060547,0.004208399448543787,0.9904971718788147,0.03189833462238312,0.8661670088768005,0.9947606325149536,0.9947606325149536,0.9815961122512817,0.9643167853355408,0.9111841917037964,0.9358835220336914,0.005697460845112801,0.9817989468574524,9.999999747378752e-06,9.999999747378752e-06,val_loss,1.294635256237123,170.04955554008484
47,0.018745355308055878,0.8836310505867004,0.9984129667282104,0.9984129667282104,0.9909493327140808,0.9785564541816711,0.9306212663650513,0.9538298845291138,0.004065578803420067,0.9913187623023987,0.03000677190721035,0.8533190488815308,0.9944754838943481,0.9944754838943481,0.9837802052497864,0.9762741923332214,0.9136512875556946,0.943026065826416,0.005047415383160114,0.9811321496963501,9.999999747378752e-06,9.999999747378752e-06,val_loss,5.92997326526713,171.72458720207214
48,0.01827695406973362,0.8805651664733887,0.9983000159263611,0.9983000159263611,0.9912711381912231,0.9830901622772217,0.9350362420082092,0.9581950902938843,0.0036704465746879578,0.9926185011863708,0.03222609683871269,0.856531023979187,0.9945347905158997,0.9945347905158997,0.980850338935852,0.9683933258056641,0.9070723652839661,0.9355499744415283,0.005697461776435375,0.9807214140892029,9.999999747378752e-06,9.999999747378752e-06,val_loss,-7.396080252701421,171.59579181671143
49,0.0180624071508646,0.8750999569892883,0.998465895652771,0.998465895652771,0.9917746186256409,0.980232834815979,0.9382949471473694,0.9586440920829773,0.003651404520496726,0.9919553995132446,0.030977444723248482,0.8586723804473877,0.9966004490852356,0.9966004490852356,0.984451949596405,0.9719051718711853,0.9103618264198303,0.9386070966720581,0.005391556769609451,0.9839637279510498,9.999999747378752e-06,9.999999747378752e-06,val_loss,-3.23484585092903,170.63197016716003
50,0.017492596060037613,0.8828312158584595,0.9987267851829529,0.9987267851829529,0.9925218224525452,0.9833992719650269,0.940292239189148,0.9612107276916504,0.0034228942822664976,0.9932047128677368,0.03200780972838402,0.8329764604568481,0.99431312084198,0.99431312084198,0.9815946817398071,0.9704347848892212,0.9177631735801697,0.9426411390304565,0.005123890936374664,0.9771589040756226,9.999999747378752e-06,9.999999747378752e-06,val_loss,-6.668620761211695,170.69200468063354
51,0.017240986227989197,0.8836310505867004,0.9983695149421692,0.9983695149421692,0.9923232197761536,0.9816200733184814,0.9375591278076172,0.9588963985443115,0.003622841089963913,0.9927400946617126,0.029215309768915176,0.8672376871109009,0.9945057034492493,0.9945057034492493,0.9843012094497681,0.9713292717933655,0.9194079041481018,0.9438954591751099,0.005009178072214127,0.982123851776123,9.999999747378752e-06,9.999999747378752e-06,val_loss,2.637611738918816,170.41719007492065
52,0.01681959442794323,0.8825646638870239,0.9987093806266785,0.9987093806266785,0.9933043718338013,0.9829452037811279,0.9451277256011963,0.9635658264160156,0.0032277076970785856,0.9936755299568176,0.028353575617074966,0.8650963306427002,0.9964150786399841,0.9964150786399841,0.9849753379821777,0.9642248749732971,0.9309210777282715,0.9470549821853638,0.004817988257855177,0.9855155944824219,9.999999747378752e-06,9.999999747378752e-06,val_loss,2.9495978603556936,178.16066122055054
53,0.016740376129746437,0.8861637115478516,0.9987651109695435,0.9987651109695435,0.9922900795936584,0.9825021624565125,0.9443919062614441,0.9629498720169067,0.003280074568465352,0.9929662346839905,0.027630550786852837,0.8693790435791016,0.9960166215896606,0.9960166215896606,0.9849629402160645,0.9765828251838684,0.9259868264198303,0.949600338935852,0.004473845474421978,0.9869072437286377,9.999999747378752e-06,9.999999747378752e-06,val_loss,2.550030514623041,171.0196888446808
54,0.016013549640774727,0.8885630369186401,0.9984550476074219,0.9984550476074219,0.9939948320388794,0.9844328165054321,0.9505939483642578,0.9671238660812378,0.0029182678554207087,0.9939190149307251,0.026769552379846573,0.8800856471061707,0.9943394660949707,0.9943394660949707,0.9842345118522644,0.9792208075523376,0.9300987124443054,0.9533458948135376,0.004167941398918629,0.9877712726593018,9.999999747378752e-06,9.999999747378752e-06,val_loss,3.1161101841514642,173.8206570148468
55,0.015683546662330627,0.8841642141342163,0.9988340735435486,0.9988340735435486,0.9945820569992065,0.9846103191375732,0.9482812881469727,0.9659942388534546,0.00301348022185266,0.9949787855148315,0.028160128742456436,0.8543897271156311,0.9966531991958618,0.9966531991958618,0.9844757318496704,0.9681857228279114,0.9259868264198303,0.9459524154663086,0.004856226034462452,0.981355607509613,9.999999747378752e-06,9.999999747378752e-06,val_loss,-5.194619405204389,172.54163479804993
56,0.015546374954283237,0.885097324848175,0.9989270567893982,0.9989270567893982,0.9942373037338257,0.9852297306060791,0.9465993642807007,0.9654129147529602,0.0030610868707299232,0.9943955540657043,0.026422346010804176,0.8629550337791443,0.9956954717636108,0.9956954717636108,0.985174298286438,0.9757575988769531,0.9268091917037964,0.9502147436141968,0.004473845474421978,0.9856971502304077,9.999999747378752e-06,9.999999747378752e-06,val_loss,1.2970197040119,172.216139793396
57,0.015141415409743786,0.8852306008338928,0.9993380308151245,0.9993380308151245,0.9954431653022766,0.9852173924446106,0.9528014063835144,0.9686285853385925,0.002784970449283719,0.9950653314590454,0.02472035400569439,0.8768736720085144,0.9968181848526001,0.9968181848526001,0.9881759881973267,0.9793814420700073,0.9375,0.9574824571609497,0.0038237995468080044,0.9896112084388733,9.999999747378752e-06,9.999999747378752e-06,val_loss,6.4414870822365184,171.71749877929688
58,0.014927848242223263,0.8837643265724182,0.9991744160652161,0.9991744160652161,0.9949309229850769,0.9854600429534912,0.9546935558319092,0.9697394371032715,0.002689757151529193,0.9947127103805542,0.025284118950366974,0.8725910186767578,0.9960602521896362,0.9960602521896362,0.9872668385505676,0.9776824116706848,0.9366776347160339,0.9565268754959106,0.003938512876629829,0.9864044785499573,9.999999747378752e-06,9.999999747378752e-06,val_loss,-2.2805698678211486,177.9901671409607
59,0.014607878401875496,0.8858970999717712,0.9992130994796753,0.9992130994796753,0.9952914118766785,0.987062394618988,0.9543782472610474,0.9703698754310608,0.0026326298248022795,0.9951477646827698,0.024767467752099037,0.8725910186767578,0.9946386218070984,0.9946386218070984,0.9838241934776306,0.9785407781600952,0.9375,0.957158625125885,0.0038620373234152794,0.9879492521286011,9.999999747378752e-06,9.999999747378752e-06,val_loss,-0.19058685969381778,174.07930636405945
60,0.014264428988099098,0.8861637115478516,0.9991883039474487,0.9991883039474487,0.9955583214759827,0.9879635572433472,0.9577420353889465,0.9725677967071533,0.002442204626277089,0.9961522221565247,0.027242489159107208,0.859743058681488,0.9929006695747375,0.9929006695747375,0.9791865944862366,0.9773913025856018,0.9243420958518982,0.9496448040008545,0.004512083251029253,0.9859383702278137,9.999999747378752e-06,9.999999747378752e-06,val_loss,-10.202666000785586,173.78296184539795
61,0.014088992029428482,0.8869634866714478,0.9993373155593872,0.9993373155593872,0.995505154132843,0.9869974851608276,0.9575318098068237,0.9719802737236023,0.002494571963325143,0.9957596063613892,0.02265731804072857,0.8629550337791443,0.9964813590049744,0.9964813590049744,0.9883676171302795,0.9723154306411743,0.953125,0.9624015092849731,0.0034414194524288177,0.9891989231109619,9.999999747378752e-06,9.999999747378752e-06,val_loss,8.345495232352237,180.04006695747375
62,0.0136501993983984,0.8856304883956909,0.9993700385093689,0.9993700385093689,0.996454119682312,0.9881893992424011,0.9586881399154663,0.9731359481811523,0.002389838919043541,0.9964116215705872,0.023664332926273346,0.8693790435791016,0.9960170388221741,0.9960170388221741,0.9858687520027161,0.9836347699165344,0.9391447305679321,0.9604442119598389,0.0035561334807425737,0.987017810344696,9.999999747378752e-06,9.999999747378752e-06,val_loss,-4.444545836071935,173.6471676826477
63,0.013429001905024052,0.8824313282966614,0.999108612537384,0.999108612537384,0.996259868144989,0.9896305799484253,0.9631031155586243,0.9761207699775696,0.002128004329279065,0.9964513182640076,0.024971557781100273,0.8661670088768005,0.9951790571212769,0.9951790571212769,0.9857704043388367,0.9744463562965393,0.9407894611358643,0.9569816589355469,0.003900275332853198,0.9862533807754517,9.999999747378752e-06,9.999999747378752e-06,val_loss,-10.214093902074596,171.4746356010437
64,0.013111323118209839,0.8893628120422363,0.999242901802063,0.999242901802063,0.9965810775756836,0.9900605082511902,0.9633133411407471,0.9764677286148071,0.002099440200254321,0.9968792200088501,0.023495042696595192,0.8650963306427002,0.9963358640670776,0.9963358640670776,0.9880719780921936,0.9680403470993042,0.9465460777282715,0.9569326639175415,0.003938513342291117,0.9862198233604431,9.999999747378752e-06,9.999999747378752e-06,val_loss,-3.6973690105807644,170.7329216003418
65,0.013251218944787979,0.8865635991096497,0.9990038275718689,0.9990038275718689,0.995493471622467,0.9874649047851562,0.9605802297592163,0.9738134741783142,0.002337471814826131,0.9963575005531311,0.025253761559724808,0.861884355545044,0.995480477809906,0.995480477809906,0.9846870303153992,0.975944995880127,0.9342105388641357,0.9538851976394653,0.004129703622311354,0.9849119186401367,9.999999747378752e-06,9.999999747378752e-06,val_loss,-11.459624278252607,170.7242386341095
66,0.012682216241955757,0.8856304883956909,0.9996410012245178,0.9996410012245178,0.9975301027297974,0.9911379814147949,0.964049220085144,0.977353036403656,0.002018508967012167,0.9975592494010925,0.02280317433178425,0.8747323155403137,0.9957972168922424,0.9957972168922424,0.9875035285949707,0.9786689281463623,0.9432565569877625,0.9604671001434326,0.0035943714901804924,0.98906409740448,9.999999747378752e-06,9.999999747378752e-07,val_loss,-0.643749144508143,170.46225118637085
67,0.013512670993804932,0.8868301510810852,0.9995757341384888,0.9995757341384888,0.9975312352180481,0.9919974207878113,0.9642594456672668,0.9778396487236023,0.0019709032494574785,0.9972743988037109,0.022686421871185303,0.8693790435791016,0.9954891204833984,0.9954891204833984,0.9892710447311401,0.9778345823287964,0.9432565569877625,0.9599661827087402,0.0036326092667877674,0.9895580410957336,9.999999974752427e-07,9.999999974752427e-07,val_loss,-0.12845223077337287,170.52098679542542
68,0.013308735564351082,0.8857638239860535,0.9996365308761597,0.9996365308761597,0.9975119829177856,0.9924356937408447,0.9654157757759094,0.9786898493766785,0.0018994936253875494,0.997936487197876,0.023433517664670944,0.8683083653450012,0.9954851865768433,0.9954851865768433,0.9874781966209412,0.9828620553016663,0.9432565569877625,0.9624223709106445,0.003403181442990899,0.9885079860687256,9.999999974752427e-07,9.999999974752427e-07,val_loss,-3.4258230499615467,172.85227274894714
69,0.0133671835064888,0.886030375957489,0.9993441700935364,0.9993441700935364,0.9973629713058472,0.9917908906936646,0.9652054905891418,0.9782523512840271,0.0019375784322619438,0.9975277185440063,0.02200116217136383,0.8747323155403137,0.9961932897567749,0.9961932897567749,0.9898566007614136,0.9821276664733887,0.9490131735801697,0.9649510979652405,0.0031737536191940308,0.9885107278823853,9.999999974752427e-07,9.999999974752427e-07,val_loss,2.8959997303530773,170.98955082893372
70,0.01331605389714241,0.8880298733711243,0.9995329976081848,0.9995329976081848,0.9973036646842957,0.9919207096099854,0.9679386019706726,0.9797356128692627,0.001809041714295745,0.9975355267524719,0.023183919489383698,0.8661670088768005,0.9954494833946228,0.9954494833946228,0.9866524934768677,0.9779474139213562,0.9481908082962036,0.9626246690750122,0.003403181442990899,0.9885776042938232,9.999999974752427e-07,9.999999974752427e-07,val_loss,-5.375885640983614,178.38346481323242
71,0.013186166994273663,0.887763261795044,0.9996454119682312,0.9996454119682312,0.9975722432136536,0.992560625076294,0.9677283763885498,0.9799318909645081,0.0017899991944432259,0.9979480504989624,0.022972283884882927,0.8843683004379272,0.9950709939002991,0.9950709939002991,0.9860936999320984,0.9821124076843262,0.9481908082962036,0.9646110534667969,0.0032119913958013058,0.9881917834281921,9.999999974752427e-07,9.999999974752427e-07,val_loss,-4.4139564353699665,172.39837861061096
72,0.013102250173687935,0.8845641016960144,0.9997695088386536,0.9997695088386536,0.9983893036842346,0.9919172525405884,0.967518150806427,0.9795207977294922,0.001828084117732942,0.9978562593460083,0.022994864732027054,0.8843683004379272,0.9962876439094543,0.9962876439094543,0.9883068203926086,0.9788314700126648,0.9506579041481018,0.9643998742103577,0.003250229638069868,0.9883332848548889,9.999999974752427e-07,9.999999974752427e-07,val_loss,-4.5165912278788705,170.26370453834534
73,0.012992213480174541,0.8910956978797913,0.9996236562728882,0.9996236562728882,0.9980818033218384,0.9935455918312073,0.9708819389343262,0.9820497035980225,0.0016043343348428607,0.998374342918396,0.02260015718638897,0.8661670088768005,0.9959020018577576,0.9959020018577576,0.9880768656730652,0.9778911471366882,0.9457237124443054,0.9612458944320679,0.0035178952384740114,0.9876640439033508,9.999999974752427e-07,9.999999974752427e-07,val_loss,-2.7225607918329695,170.66696119308472
74,0.013052443042397499,0.8880298733711243,0.9995732307434082,0.9995732307434082,0.9979974627494812,0.9938384890556335,0.9664669632911682,0.9799158573150635,0.0017899991944432259,0.9981070756912231,0.022623838856816292,0.8608136773109436,0.996165931224823,0.996165931224823,0.9888278245925903,0.9787775874137878,0.9481908082962036,0.9629865884780884,0.0033649434335529804,0.9898105263710022,9.999999974752427e-07,9.999999974752428e-08,val_loss,-2.8301990622246396,170.18073177337646
75,0.013250363990664482,0.8849639892578125,0.9998081922531128,0.9998081922531128,0.9981356859207153,0.9935247302055359,0.9677283763885498,0.9804136157035828,0.0017471531173214316,0.9980641007423401,0.022860556840896606,0.8758029937744141,0.9942646026611328,0.9942646026611328,0.985679566860199,0.9846284985542297,0.9481908082962036,0.9657787680625916,0.0030972773674875498,0.989449143409729,1.0000000116860974e-07,1.0000000116860974e-07,val_loss,-3.906133061694999,170.51671504974365
76,0.013284161686897278,0.8878965377807617,0.9997167587280273,0.9997167587280273,0.998074471950531,0.9937317371368408,0.9665720462799072,0.9799017906188965,0.0017899988451972604,0.9980891942977905,0.02235138602554798,0.8747323155403137,0.996418297290802,0.996418297290802,0.9884997606277466,0.9845758080482483,0.9449012875556946,0.9640192985534668,0.0032502291724085808,0.9900635480880737,1.0000000116860974e-07,1.0000000116860974e-07,val_loss,-1.5918425193010641,170.02823424339294
77,0.01314955111593008,0.8844308257102966,0.9998263716697693,0.9998263716697693,0.9980440139770508,0.9939596652984619,0.9686744213104248,0.9811087846755981,0.0016852651024237275,0.9979023933410645,0.02273099310696125,0.8715203404426575,0.9973694086074829,0.9973694086074829,0.9899495244026184,0.9795570969581604,0.9457237124443054,0.9620756506919861,0.0034414194524288177,0.9884237051010132,1.0000000116860974e-07,1.0000000116860974e-07,val_loss,-3.317238107300303,169.9017972946167
78,0.013262285850942135,0.8866968750953674,0.9997378587722778,0.9997378587722778,0.9979753494262695,0.9930803179740906,0.9655208587646484,0.9790570735931396,0.0018661689246073365,0.997784435749054,0.022006386891007423,0.8779443502426147,0.9960471391677856,0.9960471391677856,0.9894790649414062,0.9796091914176941,0.9481908082962036,0.9632688164710999,0.003326705191284418,0.989398717880249,1.0000000116860974e-07,1.0000000116860974e-07,val_loss,-0.023747471169469403,170.3406035900116
79,0.013174072839319706,0.885097324848175,0.9995951056480408,0.9995951056480408,0.9974979162216187,0.9929896593093872,0.9678335189819336,0.9802017211914062,0.0017661957535892725,0.9978565573692322,0.022102413699030876,0.8693790435791016,0.9961162209510803,0.9961162209510803,0.988660454750061,0.9837328791618347,0.9449012875556946,0.9635120034217834,0.003288467414677143,0.992929995059967,1.0000000116860974e-07,1.0000000116860975e-08,val_loss,-0.4602099056332219,169.65646696090698
